seed,profile,complement,sequence,steps,iters,bodyJostle,expected,exact,other,firstExact,meanBend,faceOccupancy,docks
23,opposed,false,ABBABA,20000,4,true,ABABBA,0,0,,7.380449154384652,0.3903333333333333,85
23,square,true,ABBABA,20000,4,true,BABAAB,9,0,534,3.6864732073233335,0.14266666666666666,433
23,square,false,ABBABA,20000,4,true,ABABBA,10,0,761,3.8955210676019196,0.14633333333333326,417
23,opposed,true,ABBABA,20000,4,true,BABAAB,10,0,859,6.779729638507212,0.14333333333333334,445
23,square,false,BABAAB,20000,4,true,BAABAB,9,0,1180,3.8556764827485024,0.15933333333333327,401
23,square,true,BABAAB,20000,4,true,ABBABA,11,0,1959,3.6429129183380193,0.15233333333333335,435
23,opposed,false,BABAAB,20000,4,true,BAABAB,0,0,,6.665406021658232,0.4735000000000001,51
23,opposed,true,BABAAB,20000,4,true,ABBABA,8,0,1000,6.934898841990292,0.16249999999999995,363
24,square,false,ABBABA,20000,4,true,ABABBA,11,0,546,3.573729654602748,0.14949999999999977,428
24,square,true,ABBABA,20000,4,true,BABAAB,11,0,665,3.4450747677920632,0.1563333333333332,389
24,opposed,false,ABBABA,20000,4,true,ABABBA,0,0,,11.263304289843733,0.5214999999999997,67
24,opposed,true,ABBABA,20000,4,true,BABAAB,10,0,404,7.158696605610356,0.13516666666666674,451
24,square,false,BABAAB,20000,4,true,BAABAB,11,0,851,3.768912230358185,0.1824999999999996,279
24,square,true,BABAAB,20000,4,true,ABBABA,9,0,403,3.7512181343385382,0.16566666666666663,396
24,opposed,false,BABAAB,20000,4,true,BAABAB,0,0,,8.587772980632579,0.35049999999999965,209
24,opposed,true,BABAAB,20000,4,true,ABBABA,7,0,426,7.050542488765493,0.23766666666666672,278
25,square,false,ABBABA,20000,4,true,ABABBA,9,0,559,3.5786387113341465,0.12683333333333321,451
25,square,true,ABBABA,20000,4,true,BABAAB,10,0,790,3.6071078108914705,0.15083333333333349,379
25,opposed,false,ABBABA,20000,4,true,ABABBA,0,0,,9.200865796509301,0.4613333333333334,90
25,opposed,true,ABBABA,20000,4,true,BABAAB,10,0,1191,7.191365288746842,0.1729999999999998,347
25,square,false,BABAAB,20000,4,true,BAABAB,12,0,2513,3.6725853073714654,0.15500000000000017,390
25,opposed,false,BABAAB,20000,4,true,BAABAB,0,0,,10.904808377627127,0.4359999999999999,231
25,square,true,BABAAB,20000,4,true,ABBABA,9,0,1695,3.6614604227654426,0.1388333333333333,407
25,opposed,true,BABAAB,20000,4,true,ABBABA,8,0,832,7.151579728407435,0.22333333333333322,301
26,square,false,ABBABA,20000,4,true,ABABBA,6,0,2510,6.546446043068923,0.2241666666666671,323
26,square,true,ABBABA,20000,4,true,BABAAB,9,0,1749,4.073564451393956,0.16883333333333303,361
26,opposed,false,ABBABA,20000,4,true,ABABBA,0,0,,8.330881457736949,0.40933333333333327,96
26,opposed,true,ABBABA,20000,4,true,BABAAB,9,0,1167,7.386163373773353,0.16999999999999996,401
26,square,false,BABAAB,20000,4,true,BAABAB,11,0,759,3.7156150452146672,0.12216666666666674,416
26,square,true,BABAAB,20000,4,true,ABBABA,11,0,1017,3.672414343922846,0.1373333333333334,448
26,opposed,false,BABAAB,20000,4,true,BAABAB,0,0,,6.5928807616416565,0.43883333333333346,89
26,opposed,true,BABAAB,20000,4,true,ABBABA,7,0,445,6.629324714907545,0.17549999999999993,370
27,square,false,ABBABA,20000,4,true,ABABBA,9,0,2167,3.9951005105172284,0.14416666666666675,412
27,square,true,ABBABA,20000,4,true,BABAAB,9,0,559,3.591705999794154,0.15666666666666654,342
27,opposed,false,ABBABA,20000,4,true,ABABBA,0,0,,7.563048200296473,0.3911666666666667,112
27,opposed,true,ABBABA,20000,4,true,BABAAB,9,0,1387,7.146631906587215,0.13983333333333334,417
27,square,false,BABAAB,20000,4,true,BAABAB,12,0,1439,3.6132997269461273,0.16350000000000006,405
27,square,true,BABAAB,20000,4,true,ABBABA,7,0,1362,4.748900383914034,0.27983333333333316,332
27,opposed,false,BABAAB,20000,4,true,BAABAB,0,0,,9.753667191351088,0.36516666666666664,263
27,opposed,true,BABAAB,20000,4,true,ABBABA,7,0,2413,6.964056410082614,0.1631666666666664,458
28,square,false,ABBABA,20000,4,true,ABABBA,12,0,281,3.4490803007767625,0.1261666666666667,398
28,square,true,ABBABA,20000,4,true,BABAAB,10,0,589,3.504283569103488,0.1838333333333334,347
28,opposed,false,ABBABA,20000,4,true,ABABBA,0,0,,8.994639813994123,0.43549999999999994,116
28,square,false,BABAAB,20000,4,true,BAABAB,9,0,574,3.620392767455048,0.14549999999999993,367
28,opposed,true,ABBABA,20000,4,true,BABAAB,10,0,1011,7.166782073618125,0.15666666666666698,414
28,square,true,BABAAB,20000,4,true,ABBABA,10,0,596,3.4490516096603243,0.16633333333333336,378
28,opposed,false,BABAAB,20000,4,true,BAABAB,2,0,7936,5.010855695336367,0.3008333333333331,218
28,opposed,true,BABAAB,20000,4,true,ABBABA,9,0,797,6.777226759147159,0.14966666666666656,462
29,square,false,ABBABA,20000,4,true,ABABBA,10,0,1686,3.5583877444897833,0.16349999999999965,389
29,opposed,false,ABBABA,20000,4,true,ABABBA,0,0,,8.709389907180688,0.42333333333333356,113
29,square,true,ABBABA,20000,4,true,BABAAB,11,0,670,4.035037196732904,0.17183333333333328,307
29,opposed,true,ABBABA,20000,4,true,BABAAB,12,0,774,6.754940196579462,0.1514999999999999,376
29,square,false,BABAAB,20000,4,true,BAABAB,11,0,216,3.5128887851433945,0.14250000000000018,393
29,square,true,BABAAB,20000,4,true,ABBABA,9,0,534,3.4731265152936484,0.17533333333333345,264
29,opposed,false,BABAAB,20000,4,true,BAABAB,0,0,,5.6730911456562,0.266833333333333,232
29,opposed,true,BABAAB,20000,4,true,ABBABA,9,0,2038,6.699810211823052,0.1965,383
30,square,false,ABBABA,20000,4,true,ABABBA,10,0,596,3.953971669162133,0.13783333333333336,450
30,square,true,ABBABA,20000,4,true,BABAAB,9,0,859,3.9249905886723706,0.14233333333333353,408
30,opposed,false,ABBABA,20000,4,true,ABABBA,0,0,,9.37771966821071,0.4573333333333334,103
30,opposed,true,ABBABA,20000,4,true,BABAAB,11,0,691,7.106865995078206,0.18450000000000003,306
30,square,false,BABAAB,20000,4,true,BAABAB,8,0,1525,3.6399141489801026,0.12583333333333324,426
30,square,true,BABAAB,20000,4,true,ABBABA,9,0,1927,3.5911318194205832,0.14916666666666678,403
30,opposed,false,BABAAB,20000,4,true,BAABAB,3,0,3296,5.5685130630348505,0.30099999999999993,300
30,opposed,true,BABAAB,20000,4,true,ABBABA,7,0,2692,6.7907494530211,0.17199999999999982,435
